City_ID,City,Lat,Lng,Max Temp,Humidity,Cloudiness,Wind Speed,Country,Date
0,waitangi,-43.9535,-176.5597,9.34,90,92,0.89,NZ,1690415007
1,al mishkhab,31.8042,44.4911,32.06,12,0,2.7,IQ,1690415008
2,laguna,38.421,-121.4238,38.63,31,0,5.14,US,1690415009
3,puerto natales,-51.7236,-72.4875,-1.12,92,100,1.51,CL,1690414762
4,ushuaia,-54.8,-68.3,0.81,80,20,7.72,AR,1690414962
5,port-aux-francais,-49.35,70.2167,4.43,81,81,16.45,TF,1690415011
6,adamstown,-25.066,-130.1015,19.72,64,84,6.74,PN,1690415011
7,merowe,18.4833,31.8167,32.55,39,93,6.45,SD,1690414975
8,pijijiapan,15.7011,-93.23,30.16,69,58,1.76,MX,1690415012
9,laibin,23.7,109.2667,29.72,74,82,1.88,CN,1690415013
10,vilyuchinsk,52.9306,158.4028,23.15,65,97,1.83,RU,1690415013
11,yellowknife,62.456,-114.3525,25.29,31,75,5.66,CA,1690415014
12,port lincoln,-34.7333,135.8667,15.24,56,50,8.32,AU,1690415014
13,tiksi,71.6872,128.8694,8.57,69,39,1.67,RU,1690414977
14,uturoa,-16.7333,-151.4333,25.78,83,15,4.22,PF,1690415015
15,usogorsk,63.4106,48.6872,13.72,79,99,2.19,RU,1690415016
16,jamestown,42.097,-79.2353,27.77,56,100,5.14,US,1690414949
17,garmisch-partenkirchen,47.4921,11.0958,10.48,94,54,2.7,DE,1690415016
18,walvis bay,-22.9575,14.5053,11.16,87,13,3.09,NA,1690415017
19,labrador city,52.9463,-66.9114,16.95,77,75,3.6,CA,1690414839
20,iskateley,67.6803,53.1512,16.96,70,92,1.26,RU,1690415018
21,kavaratti,10.5669,72.642,27.65,75,96,6.43,IN,1690415018
22,cabo san lucas,22.8909,-109.9124,34.78,66,20,5.66,MX,1690415018
23,bethel,41.3712,-73.414,27.64,75,59,2.31,US,1690415019
24,saint-joseph,-21.3667,55.6167,19.21,93,84,2.87,RE,1690415019
25,albany,42.6001,-73.9662,26.76,76,88,1.88,US,1690414963
26,praia da vitoria,38.7333,-27.0667,22.14,88,20,2.44,PT,1690414789
27,whitehorse,60.7161,-135.0538,22.79,50,75,2.57,CA,1690415021
28,saipan,15.1355,145.701,27.39,100,100,7.2,MP,1690415021
29,grytviken,-54.2811,-36.5092,1.1,99,100,2.7,GS,1690415021
30,flying fish cove,-10.4217,105.6791,24.69,79,53,9.49,CX,1690414750
31,port elizabeth,-33.918,25.5701,14.16,67,20,2.57,ZA,1690415022
32,stanley,54.868,-1.6985,13.49,94,75,1.54,GB,1690415023
33,west island,-12.1568,96.8225,23.99,88,75,8.75,CC,1690415023
34,feijo,-8.1642,-70.3536,26.09,56,16,1.39,BR,1690415024
35,hachinohe,40.5,141.5,29.2,61,19,5.0,JP,1690415024
36,blackmans bay,-43.0167,147.3167,9.18,86,100,1.31,AU,1690414963
37,racine,42.7495,-88.0751,30.01,73,0,4.12,US,1690415025
38,klyuchi,52.2667,79.1667,21.53,41,99,2.24,RU,1690415025
39,alaghsas,17.0187,8.0168,31.19,39,40,3.47,NE,1690415026
40,kruisfontein,-34.0033,24.7314,11.05,79,99,3.72,ZA,1690415026
41,malpe,13.35,74.7167,23.61,79,100,6.98,IN,1690414841
42,chui,-33.6971,-53.4616,10.25,82,40,6.17,UY,1690415027
43,wanning,18.8003,110.3967,28.27,77,100,2.71,CN,1690415027
44,mahina,-17.5065,-149.489,24.87,94,75,3.09,PF,1690415028
45,ambodifotatra,-16.9833,49.85,22.73,74,43,11.87,MG,1690415028
46,lihue,21.9789,-159.3672,30.77,67,20,6.17,US,1690414750
47,vorkuta,67.5,64.0,13.74,96,100,2.89,RU,1690415029
48,papatowai,-46.5619,169.4708,6.18,74,100,10.49,NZ,1690415029
49,dolbeau-mistassini,48.8763,-72.212,25.36,79,100,4.44,CA,1690415030
50,makushino,55.2103,67.2442,17.09,71,34,1.59,RU,1690415031
51,puerto ayora,-0.7393,-90.3518,25.31,92,88,1.79,EC,1690415031
52,nouadhibou,20.931,-17.0347,22.99,73,88,8.23,MR,1690415032
53,acapulco de juarez,16.8634,-99.8901,31.9,62,40,4.12,MX,1690414822
54,hawaiian paradise park,19.5933,-154.9731,28.74,79,40,4.63,US,1690415033
55,kailua-kona,19.6406,-155.9956,31.27,75,40,5.66,US,1690414899
56,brokopondo,4.75,-55.1667,24.8,89,29,2.67,SR,1690415002
57,longyearbyen,78.2186,15.6401,10.91,82,40,2.57,SJ,1690415034
58,yanchep,-31.55,115.6833,12.38,74,91,5.48,AU,1690415034
59,thompson,55.7435,-97.8558,15.09,72,100,2.57,CA,1690415035
60,veydelevka,50.1521,38.4492,20.54,61,75,2.86,RU,1690415035
61,bilibino,68.0546,166.4372,11.1,71,64,2.15,RU,1690415036
62,wailua homesteads,22.0669,-159.378,30.44,74,20,6.17,US,1690415036
63,rakops,-21.0167,24.3333,15.45,44,1,3.84,BW,1690415036
64,daru,-9.0763,143.2092,25.73,82,85,5.11,PG,1690414745
65,porto novo,6.4965,2.6036,25.9,93,67,2.63,BJ,1690415037
66,ghat,24.9647,10.1728,31.4,11,0,0.74,LY,1690415038
67,namibe,-15.1961,12.1522,15.84,89,73,2.94,AO,1690415038
68,minas de marcona,-15.2119,-75.1103,12.32,86,28,6.07,PE,1690415039
69,tulchyn,48.6745,28.8464,18.25,99,94,1.58,UA,1690415039
70,fort bragg,35.139,-79.006,34.08,69,100,2.57,US,1690415039
71,lorengau,-2.0226,147.2712,29.15,74,96,6.2,PG,1690415040
72,hadibu,12.65,54.0333,25.09,81,32,10.93,YE,1690415040
73,isafjordur,66.0755,-23.124,7.12,85,84,4.64,IS,1690415041
74,utrik,11.2278,169.8474,28.34,78,100,8.49,MH,1690414983
75,alice springs,-23.7,133.8833,16.75,63,100,0.0,AU,1690414949
76,nadi,-17.8,177.4167,22.0,83,100,3.09,FJ,1690415042
77,las trojes,14.0667,-85.9833,21.91,85,100,1.3,HN,1690415042
78,chacabuco,-34.6417,-60.4739,9.9,52,3,6.71,AR,1690414753
79,hithadhoo,-0.6,73.0833,28.2,78,35,7.36,MV,1690414847
80,kirkland lake,48.1446,-80.0377,23.16,78,100,0.51,CA,1690415044
81,bredasdorp,-34.5322,20.0403,9.02,92,37,1.86,ZA,1690415044
82,faya-largeau,17.9257,19.1043,33.06,11,62,3.22,TD,1690415045
83,iqaluit,63.7506,-68.5145,8.85,76,40,2.06,CA,1690415045
84,saint-pierre,-21.3393,55.4781,19.82,83,40,3.09,RE,1690414973
85,chonchi,-42.6128,-73.8092,8.4,97,100,1.13,CL,1690414980
86,ancud,-41.8697,-73.8203,8.02,88,100,1.9,CL,1690415046
87,edinburgh of the seven seas,-37.0676,-12.3116,10.9,54,81,10.59,SH,1690414961
88,ilulissat,69.2167,-51.1,13.01,50,0,4.12,GL,1690415047
89,college,64.8569,-147.8028,28.38,57,75,2.57,US,1690414966
90,palangkaraya,-2.2,113.8333,24.14,85,72,1.16,ID,1690415049
91,bela,25.9333,81.9833,30.72,64,89,3.76,IN,1690415049
92,biala podlaska,52.0324,23.1165,12.64,95,100,6.52,PL,1690415049
93,brainerd,46.358,-94.2008,34.14,43,0,0.0,US,1690415050
94,a coruna,43.3713,-8.396,19.41,91,100,2.06,ES,1690415050
95,kamien pomorski,53.9685,14.7726,12.09,86,12,4.84,PL,1690415051
96,avarua,-21.2078,-159.775,24.03,64,40,3.09,CK,1690414968
97,vikhorevka,56.1201,101.1636,17.77,91,58,1.95,RU,1690415051
98,port alfred,-33.5906,26.891,13.99,90,100,1.34,ZA,1690415052
99,holualoa,19.6228,-155.9522,29.2,75,40,5.66,US,1690415052
100,margaret river,-33.95,115.0667,12.91,70,97,6.72,AU,1690415053
101,fada,9.5667,8.3,20.44,92,97,0.41,NG,1690415053
102,mpulungu,-8.7623,31.1141,20.08,50,74,4.76,ZM,1690415054
103,ribeira grande,38.5167,-28.7,23.21,94,28,3.13,PT,1690415055
104,tisul',55.7611,88.3122,17.9,73,21,1.41,RU,1690415055
105,kolonia town,6.964,158.206,30.06,79,40,2.06,FM,1690415056
106,inverell,-29.7833,151.1167,14.26,72,0,0.04,AU,1690415056
107,nuuk,64.1835,-51.7216,5.34,93,75,4.63,GL,1690415057
108,bengkulu,-3.8004,102.2655,24.01,88,81,2.45,ID,1690415058
109,fort meade,39.1082,-76.7432,30.79,74,0,4.63,US,1690415058
110,san antonio de pale,-1.4014,5.6325,22.98,91,98,4.45,GQ,1690415059
111,constitucion,-35.3333,-72.4167,10.2,81,100,3.64,CL,1690415059
112,hamilton,39.1834,-84.5333,30.96,69,0,8.75,US,1690414628
113,ust-nera,64.5667,143.2,14.17,61,94,3.23,RU,1690415060
114,kyshtovka,56.555,76.6271,16.15,79,100,0.43,RU,1690415061
115,gadzhiyevo,69.2551,33.3362,9.99,96,100,1.22,RU,1690415061
116,pajapan,18.25,-94.7,26.09,80,67,3.58,MX,1690415062
117,enewetak,11.3474,162.3373,28.46,76,90,6.12,MH,1690415062
118,thinadhoo,0.5333,72.9333,28.71,77,84,6.41,MV,1690415063
119,kangding,30.0513,101.9603,17.07,91,96,0.83,CN,1690415063
120,afaahiti,-17.75,-149.2833,23.93,85,69,3.54,PF,1690415020
121,lazaro cardenas,17.9583,-102.2,30.58,63,28,4.03,MX,1690415064
122,georgetown,5.4112,100.3354,26.96,95,40,1.54,MY,1690414843
123,saldanha,-33.0117,17.9442,9.03,94,57,5.19,ZA,1690415065
124,keflavik,64.0049,-22.5624,11.95,82,75,2.06,IS,1690415065
125,vyazemskiy,47.5378,134.7525,27.06,63,52,4.84,RU,1690415066
126,george town,5.4112,100.3354,26.96,95,40,1.54,MY,1690414800
127,ornskoldsvik,63.2909,18.7153,12.53,100,75,1.03,SE,1690415067
128,belmonte,-15.8631,-38.8828,22.86,75,68,3.22,BR,1690415067
129,libreville,0.3925,9.4537,25.01,88,20,2.06,GA,1690414993
130,tarawa,1.419,172.984,31.05,74,20,2.06,KI,1690415068
131,san juan pueblo,15.5833,-87.2333,30.31,86,60,1.79,HN,1690415069
132,victorica,-36.2151,-65.4359,10.21,44,81,3.15,AR,1690415069
133,charters towers,-20.1,146.2667,19.36,61,35,6.67,AU,1690415070
134,balsas,-7.5325,-46.0356,25.93,37,20,1.28,BR,1690415070
135,yuzhno-kurilsk,44.0306,145.8556,21.35,82,92,2.28,RU,1690415071
136,rethymno,35.3647,24.4714,31.79,37,0,2.16,GR,1690415071
137,port mathurin,-19.6833,63.4167,23.72,78,74,7.19,MU,1690415072
138,jindabyne,-36.4167,148.6333,11.03,36,0,1.51,AU,1690415072
139,launceston,-41.45,147.1667,11.0,86,100,5.66,AU,1690415073
140,lompoc,34.6391,-120.4579,22.69,79,100,5.14,US,1690415073
141,east london,-33.0153,27.9116,18.06,66,76,5.96,ZA,1690415074
142,xining,36.6167,101.7667,13.68,91,100,1.0,CN,1690415075
143,millbrook,32.4799,-86.3619,34.04,47,0,2.06,US,1690415075
144,chernyshevsk,52.5243,117.0174,18.4,87,100,0.87,RU,1690415076
145,kodiak,57.79,-152.4072,14.73,82,100,3.09,US,1690415077
146,carutapera,-1.195,-46.02,24.98,86,8,3.02,BR,1690415078
147,nueva helvecia,-34.3,-57.2333,9.77,72,3,5.31,UY,1690415079
148,furmanov,57.2508,41.1058,17.73,97,44,4.98,RU,1690415079
149,dickinson,29.4608,-95.0513,35.04,65,40,6.17,US,1690415080
150,badger,64.8,-147.5333,28.33,55,75,2.57,US,1690415080
151,tippi,7.2,35.45,17.07,99,100,0.83,ET,1690415081
152,crane,31.3974,-102.3501,35.33,24,28,7.55,US,1690415081
153,pitimbu,-7.4706,-34.8086,24.33,86,31,4.96,BR,1690414920
154,selfoss,63.9331,-20.9971,10.58,77,100,2.75,IS,1690415082
155,bukene,-4.2333,32.8833,17.55,48,61,4.53,TZ,1690415083
156,labuan,5.2767,115.2417,26.2,94,20,0.0,MY,1690415083
157,novyy urgal,51.0736,132.5642,22.19,75,23,0.42,RU,1690415084
158,alghero,40.5589,8.3181,18.05,77,0,0.51,IT,1690415084
159,manicore,-5.8092,-61.3003,26.36,51,8,1.23,BR,1690415084
160,lisala,2.15,21.5167,22.27,86,60,0.66,CD,1690415085
161,howrah,22.5892,88.3103,28.0,89,40,2.57,IN,1690414982
162,dabola,10.75,-11.1167,22.86,94,92,0.34,GN,1690415086
163,happy valley-goose bay,53.3168,-60.3315,26.17,36,75,1.54,CA,1690415007
164,klaksvik,62.2266,-6.589,9.51,81,46,3.07,FO,1690415086
165,codrington,-38.2667,141.9667,11.11,71,4,7.04,AU,1690415087
166,olonkinbyen,70.9221,-8.7187,4.71,90,100,5.03,SJ,1690415087
167,nadym,65.5333,72.5167,18.49,82,10,2.85,RU,1690415088
168,margate,51.3813,1.3862,16.61,94,100,4.92,GB,1690414969
169,oltinko'l,40.8011,72.1634,28.45,28,19,1.38,UZ,1690415089
170,luderitz,-26.6481,15.1594,12.62,72,0,3.78,NA,1690415089
171,magong,23.5654,119.5863,30.57,73,100,4.12,TW,1690415090
172,hauterive,46.0901,3.4459,16.42,80,40,2.13,FR,1690415090
173,mondlo,-27.983,30.7177,12.27,50,0,5.52,ZA,1690415091
174,ceeldheer,3.8488,47.1806,24.0,85,89,7.85,SO,1690415091
175,bubaque,11.2833,-15.8333,27.63,80,100,5.0,GW,1690414815
176,weno,7.4515,151.8468,26.97,94,100,1.54,FM,1690415092
177,dudinka,69.4058,86.1778,22.57,66,25,1.05,RU,1690415093
178,jenzan,36.2408,128.2975,24.81,94,100,0.51,KR,1690415093
179,vernon,50.2581,-119.2691,26.83,27,49,2.68,CA,1690415062
180,quepos,9.4236,-84.1652,26.84,85,99,1.16,CR,1690414858
181,mount pleasant,32.7941,-79.8626,31.08,76,40,3.6,US,1690414946
182,ust-tsilma,65.441,52.1498,13.53,90,26,1.11,RU,1690414904
183,lebu,-37.6167,-73.65,8.73,85,95,0.98,CL,1690415095
184,svitlovods'k,49.0489,33.2411,20.15,66,52,3.18,UA,1690415096
185,vorgashor,67.5833,63.95,13.23,96,100,2.84,RU,1690415096
186,mocimboa,-11.3167,40.35,21.5,86,40,5.0,MZ,1690415096
187,dongdai,26.2419,119.6169,28.95,89,78,10.71,CN,1690415097
188,atbara,17.7022,33.9864,32.67,38,96,7.74,SD,1690415097
189,olinda,-8.0089,-34.8553,25.85,83,40,4.63,BR,1690415098
190,yeghegnadzor,39.7639,45.3324,19.08,65,0,1.95,AM,1690415098
191,tommot,58.9564,126.2925,22.85,72,13,1.56,RU,1690415099
192,sao vicente,-23.9631,-46.3919,29.1,26,24,2.2,BR,1690415099
193,viedma,-40.8135,-62.9967,4.86,72,99,3.12,AR,1690415019
194,zemio,5.0314,25.1361,21.47,91,100,0.93,CF,1690415100
195,peterhead,57.5058,-1.7981,13.22,82,7,5.99,GB,1690415101
196,qaqortoq,60.7167,-46.0333,6.67,84,95,1.68,GL,1690415101
197,dryden,49.7833,-92.7503,28.16,57,0,3.09,CA,1690415102
198,hermanus,-34.4187,19.2345,12.03,82,3,2.98,ZA,1690414987
199,fort st. john,56.2499,-120.8529,15.94,82,100,5.66,CA,1690415103
200,atafu village,-8.5421,-172.5159,28.58,74,56,8.09,TK,1690415104
201,yichun,47.7,128.9,24.52,75,100,1.1,CN,1690415105
202,alta,69.9689,23.2717,14.59,79,100,4.47,NO,1690415105
203,monte alegre,-2.0078,-54.0692,27.33,64,60,1.54,BR,1690415106
204,muli,2.9167,73.5667,28.3,78,69,4.85,MV,1690415106
205,akdepe,42.0551,59.3788,29.05,44,93,4.48,TM,1690415107
206,la ronge,55.1001,-105.2842,12.14,87,100,6.69,CA,1690415107
207,tralee,52.2704,-9.7026,15.85,98,100,3.68,IE,1690415108
208,petropavlovsk-kamchatsky,53.0452,158.6483,22.33,68,0,2.0,RU,1690415108
209,galich,58.3797,42.3475,16.78,99,59,2.04,RU,1690415109
210,summerside,46.3959,-63.7876,24.19,73,52,5.66,CA,1690414603
211,invercargill,-46.4,168.35,6.91,66,100,4.99,NZ,1690414892
212,aasiaat,68.7098,-52.8699,3.29,93,29,3.7,GL,1690415110
213,ola,59.5833,151.2833,16.19,98,100,4.29,RU,1690415111
214,vadso,70.0744,29.7487,10.09,93,100,0.0,NO,1690415111
215,placido de castro,-10.3353,-67.1856,26.21,44,34,0.7,BR,1690415112
216,warrnambool,-38.3833,142.4833,10.38,73,13,6.57,AU,1690414935
217,san patricio,28.017,-97.5169,35.4,55,1,7.52,US,1690415113
218,treasure island,27.7692,-82.769,33.03,68,75,3.09,US,1690415113
219,camana,-16.6228,-72.7111,17.24,87,71,3.19,PE,1690415114
220,port macquarie,-31.4333,152.9167,16.05,65,7,1.84,AU,1690415114
221,moose jaw,50.4001,-105.5344,29.15,17,20,7.2,CA,1690415074
222,leones,-32.6617,-62.2968,10.6,45,60,2.31,AR,1690415115
223,pimenta bueno,-11.6725,-61.1936,25.88,42,45,1.71,BR,1690415116
224,dupont,47.0968,-122.6312,26.46,42,0,5.66,US,1690415116
225,fortuna,40.5982,-124.1573,22.18,69,0,6.69,US,1690415117
226,sungai penuh,-2.0833,101.3833,17.55,90,96,0.8,ID,1690415117
227,nema,57.5067,50.5011,16.8,96,100,3.68,RU,1690415118
228,yangjiang,21.85,111.9667,28.91,80,81,3.19,CN,1690415118
229,rongelap,11.1635,166.8941,28.26,80,99,8.02,MH,1690415119
230,sao jose da coroa grande,-8.8978,-35.1478,23.61,84,25,2.9,BR,1690415119
231,lake havasu city,34.4839,-114.3224,48.46,10,0,6.69,US,1690415013
232,itaituba,-4.2761,-55.9836,26.17,54,9,0.33,BR,1690415120
233,punta arenas,-53.15,-70.9167,0.31,75,15,5.07,CL,1690415120
234,el gouna,27.3942,33.6782,35.05,52,80,3.5,EG,1690415121
235,salalah,17.0151,54.0924,25.05,94,100,4.63,OM,1690415056
236,messini,37.0511,22.0078,30.1,74,29,4.12,GR,1690415122
237,sao tome,0.3365,6.7273,24.19,87,86,4.13,ST,1690415122
238,mancio lima,-7.6142,-72.8958,27.72,56,88,1.06,BR,1690415123
239,grand-bassam,5.2118,-3.7388,25.98,93,64,2.57,CI,1690415124
240,newman,37.3138,-121.0208,40.19,11,0,6.29,US,1690415125
241,luena,-11.7833,19.9167,18.1,48,8,2.57,AO,1690415125
242,nacozari de garcia,30.3742,-109.6908,36.64,26,14,5.3,MX,1690415126
243,waingapu,-9.6567,120.2641,24.28,67,44,3.18,ID,1690415126
244,qusmuryn,52.4503,64.6311,18.49,73,44,1.16,KZ,1690415127
245,talnakh,69.4865,88.3972,22.34,60,37,2.36,RU,1690414971
246,razole,16.4833,81.8333,24.8,92,100,6.06,IN,1690415128
247,funafuti,-8.5243,179.1942,30.0,79,100,4.63,TV,1690415128
248,hanzhong,33.0728,107.0303,22.99,97,100,1.2,CN,1690415129
249,tazovsky,67.4667,78.7,16.91,87,16,1.44,RU,1690415129
250,halifax,44.6453,-63.5724,23.94,84,48,5.66,CA,1690414797
251,richards bay,-28.783,32.0377,18.08,67,0,8.14,ZA,1690414851
252,tarko-sale,64.9225,77.785,20.65,63,74,2.48,RU,1690415131
253,sunne,59.8376,13.143,13.18,98,9,1.17,SE,1690415118
254,kavieng,-2.5744,150.7967,28.65,74,41,4.02,PG,1690415132
255,buka,40.8108,69.1986,26.56,19,0,3.43,UZ,1690415133
256,bahia honda,22.9036,-83.1592,28.64,72,20,5.71,CU,1690415133
257,grand falls-windsor,48.9332,-55.6649,18.82,93,88,2.3,CA,1690414966
258,al jawf,29.5,38.75,29.28,18,11,3.73,SA,1690415134
259,udachny,66.4167,112.4,18.03,67,100,4.32,RU,1690415135
260,kapuskasing,49.4169,-82.4331,23.05,60,75,1.54,CA,1690415135
261,la'ie,21.6477,-157.9253,30.98,72,32,7.54,US,1690415135
262,taltal,-25.4,-70.4833,15.52,85,33,1.41,CL,1690415136
263,turtas,58.9417,69.1325,14.12,95,68,1.97,RU,1690415136
264,cremlingen,52.25,10.65,14.13,87,75,1.79,DE,1690415137
265,pankovka,58.5,31.1999,13.02,97,15,2.51,RU,1690415137
266,hohhot,40.8106,111.6522,21.16,73,0,3.0,CN,1690415138
267,castillos,-34.1667,-53.8333,10.1,79,38,6.57,UY,1690415138
268,montgomery,39.1501,-77.1997,30.74,72,5,0.45,US,1690415139
269,leku,6.8667,38.45,14.72,91,93,1.78,ET,1690415139
270,lensk,60.7253,114.9278,21.54,78,50,2.22,RU,1690415140
271,impfondo,1.6381,18.0667,22.54,82,37,0.99,CG,1690415140
272,taroa,8.7058,171.2275,28.09,77,100,5.46,MH,1690415140
273,constantia,44.1833,28.65,22.61,75,24,10.8,RO,1690415141
274,sandnessjoen,66.0217,12.6316,13.29,87,69,3.6,NO,1690415019
275,ziro,27.6333,93.8333,15.42,99,100,0.45,IN,1690415142
276,neiafu,-18.65,-173.9833,24.38,73,75,2.06,TO,1690415142
277,uliastay,47.7417,96.8444,17.08,40,67,1.89,MN,1690415142
278,matthew town,20.95,-73.6667,28.75,79,96,9.79,BS,1690415143
279,astrakhan,46.3497,48.0408,21.93,83,0,2.0,RU,1690415143
280,saalfelden am steinernen meer,47.4268,12.848,9.94,59,77,1.39,AT,1690415144
281,khash,28.2211,61.2158,25.19,58,78,0.13,IR,1690415144
282,martapura,-3.4167,114.85,22.05,94,56,1.03,ID,1690415145
283,omdurman,15.6445,32.4777,28.16,58,43,6.35,SD,1690414899
284,najran,17.4924,44.1277,28.36,16,13,2.53,SA,1690415145
285,fale old settlement,-9.3852,-171.2468,28.51,73,14,8.3,TK,1690415146
286,broome,42.2506,-75.833,26.6,67,68,1.79,US,1690415147
287,susuman,62.7833,148.1667,10.14,84,100,2.82,RU,1690415147
288,balaka,-14.9793,34.9558,15.55,94,24,3.06,MW,1690415148
289,arraial do cabo,-22.9661,-42.0278,21.23,86,58,9.83,BR,1690415148
290,chibougamau,49.9168,-74.3659,22.79,49,75,3.32,CA,1690415149
291,ibarreta,-25.2144,-59.8585,15.84,75,71,2.35,AR,1690415149
292,jijiga,9.35,42.8,16.72,77,33,8.13,ET,1690415150
293,la sarre,48.8002,-79.1996,17.8,95,100,4.52,CA,1690415150
294,nova sintra,14.8667,-24.7167,22.64,87,29,6.87,CV,1690414999
295,berezovo,63.9381,65.0419,14.02,96,100,2.54,RU,1690415151
296,palu,-0.8917,119.8707,26.78,83,94,0.82,ID,1690415151
297,lerwick,60.1545,-1.1494,10.0,86,4,1.68,GB,1690415152
298,as sulayyil,20.4607,45.5779,33.14,9,34,3.12,SA,1690415152
299,nova vicosa,-17.8919,-39.3719,21.61,79,3,2.83,BR,1690415153
300,dunedin,-45.8742,170.5036,8.22,52,99,8.49,NZ,1690415153
301,kiffa,16.6166,-11.4045,34.03,45,12,6.38,MR,1690415153
302,megion,61.0296,76.1136,17.01,94,91,2.78,RU,1690415154
303,westport,41.1415,-73.3579,28.16,73,0,6.17,US,1690415154
304,tumayr,25.7039,45.868,30.96,13,38,2.87,SA,1690415155
305,gobabis,-22.45,18.9667,12.17,29,9,2.23,NA,1690415155
306,hanceville,34.0607,-86.7675,33.42,56,3,1.67,US,1690415156
307,kudahuvadhoo,2.6708,72.8944,28.29,79,76,5.35,MV,1690415156
308,tolanaro,-25.0319,46.9987,19.04,77,40,5.14,MG,1690415157
309,coxen hole,16.3244,-86.5366,30.6,62,0,4.12,HN,1690415051
310,hasaki,35.7333,140.8333,36.28,74,9,4.11,JP,1690415158
311,greenville,35.6127,-77.3663,32.09,71,40,5.66,US,1690414876
312,yeed,4.55,43.0333,23.4,60,84,8.63,SO,1690415158
313,al 'aziziyah,32.9058,45.0616,35.71,13,0,4.3,IQ,1690415159
314,piti village,13.4626,144.6933,26.49,92,100,5.66,GU,1690415159
315,ankang,32.68,109.0172,24.92,89,100,1.06,CN,1690415160
316,vigan,17.5747,120.3869,27.74,79,100,11.34,PH,1690415161
317,mount pearl,47.5166,-52.7813,22.19,70,75,8.23,CA,1690415161
318,altus,34.6381,-99.334,39.92,21,0,6.69,US,1690415161
319,sao gabriel da cachoeira,-0.1303,-67.0892,25.01,86,72,0.9,BR,1690415162
320,vila velha,-20.3297,-40.2925,21.64,87,0,2.06,BR,1690415016
321,lagos,6.5833,3.75,27.18,91,72,2.63,NG,1690415075
322,fethiye,36.6217,29.1164,23.93,31,0,0.77,TR,1690415164
323,carnarvon,-24.8667,113.6333,15.61,56,23,5.29,AU,1690415164
324,touros,-5.1989,-35.4608,25.87,83,9,9.74,BR,1690415011
325,akureyri,65.6835,-18.0878,9.96,71,75,1.03,IS,1690415166
326,narasapur,16.45,81.6667,25.02,91,100,8.02,IN,1690415167
327,karratha,-20.7377,116.8463,19.95,59,57,4.07,AU,1690415167
328,prince rupert,54.3161,-130.3201,18.05,73,100,3.09,CA,1690415168
329,dalandzadgad,43.5708,104.425,23.74,36,41,3.68,MN,1690415169
330,harper,4.375,-7.7169,24.72,89,81,4.31,LR,1690415169
331,chuguyevka,44.1653,133.8633,28.31,64,57,1.06,RU,1690415171
332,kilju,40.9642,129.3278,29.93,53,95,1.29,KP,1690415171
333,esens,53.6487,7.6127,14.43,91,19,1.54,DE,1690415172
334,saint-philippe,-21.3585,55.7679,19.77,82,33,4.88,RE,1690415172
335,tamandare,-8.7597,-35.1047,23.46,85,28,2.84,BR,1690415172
336,sabha,27.0377,14.4283,32.74,9,0,4.89,LY,1690415173
337,monrovia,6.3005,-10.7969,24.87,90,64,1.81,LR,1690415173
338,amos,48.5669,-78.1162,17.9,97,100,4.67,CA,1690414891
339,chabahar,25.2919,60.643,28.23,85,100,5.06,IR,1690415175
340,sao felix do xingu,-6.6447,-51.995,26.51,45,23,0.64,BR,1690415096
341,nizhnevartovsk,60.9344,76.5531,17.01,100,100,2.0,RU,1690415176
342,mugia,43.1041,-9.2179,19.39,82,42,4.55,ES,1690415176
343,santa isabel,-23.3156,-46.2214,18.84,53,39,1.23,BR,1690415176
344,lafiagi,8.8667,5.4167,25.45,85,100,1.67,NG,1690415177
345,moyynkum,44.2914,72.9469,27.03,25,1,3.48,KZ,1690415177
346,anadyr,64.75,177.4833,12.28,87,75,4.0,RU,1690414961
347,ylitornio,66.3089,23.6773,10.88,96,52,1.9,FI,1690415178
348,serafimovich,49.5786,42.736,22.67,51,1,2.4,RU,1690415179
349,anna regina,7.2644,-58.5077,26.05,87,17,2.77,GY,1690415179
350,usinsk,65.9939,57.5281,14.65,91,85,2.48,RU,1690415179
351,ormara,25.2088,64.6357,28.36,87,98,2.26,PK,1690415180
352,robbah,33.2797,6.9098,31.8,48,1,10.89,DZ,1690415181
353,santo antonio do ica,-3.1022,-67.9397,27.35,71,96,0.72,BR,1690415181
354,barberino di mugello,44.0027,11.2371,19.5,85,23,1.47,IT,1690415182
355,swakopmund,-22.6833,14.5333,11.1,84,21,0.89,NA,1690415182
356,lakshettipet,18.8667,79.2167,24.87,95,100,5.85,IN,1690415183
357,karoi,-16.8099,29.6925,12.08,94,18,2.39,ZW,1690415183
358,ilhabela,-23.7781,-45.3581,22.37,66,37,1.75,BR,1690415184
359,val-d'or,48.1002,-77.7828,21.05,83,100,3.09,CA,1690415129
360,el alto,-4.2714,-81.2147,23.81,84,36,7.03,PE,1690415185
361,fonseca,10.8861,-72.8487,24.82,95,99,0.64,CO,1690415185
362,port saint john's,-31.6229,29.5448,17.88,54,79,6.42,ZA,1690415186
363,ciudad serdan,18.9833,-97.45,15.16,75,97,3.84,MX,1690415186
364,springbok,-29.6643,17.8865,4.62,91,15,1.3,ZA,1690415187
365,dapa,9.7594,126.0531,28.19,76,99,2.47,PH,1690415187
366,st. john's,47.5649,-52.7093,22.66,61,75,8.23,CA,1690415119
367,antsiranana,-12.2787,49.2917,22.26,70,10,6.9,MG,1690415188
368,tabuk,17.4189,121.4443,24.54,87,100,0.97,PH,1690415189
369,ciudad lazaro cardenas,17.9583,-102.2,30.58,63,28,4.03,MX,1690415190
370,arrifes,37.7667,-25.7,19.14,77,20,2.57,PT,1690415190
371,kirakira,-10.4544,161.9205,27.6,82,75,6.31,SB,1690415190
372,villa el carmen,11.9801,-86.5057,31.65,63,98,5.95,NI,1690415191
373,guarapari,-20.6667,-40.4975,21.61,87,8,4.12,BR,1690415192
374,katsuren-haebaru,26.3369,127.8719,29.43,85,40,4.12,JP,1690415193
375,greenisland,54.7,-5.8667,16.23,99,100,2.06,GB,1690415193
376,cudahy,33.9606,-118.1853,40.66,39,0,5.66,US,1690414972
377,el charco,2.4769,-78.1105,25.14,92,59,1.61,CO,1690414950
378,lianshan,40.7643,120.8533,26.4,82,72,5.78,CN,1690415194
379,panaba,21.2833,-88.2667,28.85,73,58,7.96,MX,1690415195
380,nar'yan-mar,67.6713,53.087,17.03,68,93,1.37,RU,1690415195
381,benguela,-12.5763,13.4055,20.84,80,63,2.11,AO,1690414976
382,nemuro,43.3236,145.575,18.28,95,76,1.75,JP,1690415196
383,tura,25.5198,90.2201,23.7,98,100,2.34,IN,1690415003
384,suva,-18.1416,178.4415,20.71,94,100,3.09,FJ,1690415197
385,mount gambier,-37.8333,140.7667,11.14,64,2,5.31,AU,1690415198
386,tomatlan,19.9333,-105.25,31.12,60,90,2.26,MX,1690415198
387,yeniseysk,58.4497,92.1703,16.63,93,93,1.3,RU,1690415198
388,medina sidonia,36.457,-5.9272,19.49,80,0,2.17,ES,1690415199
389,piton saint-leu,-21.2196,55.3151,18.06,83,40,3.09,RE,1690415199
390,andong,36.5656,128.725,27.27,80,72,0.64,KR,1690415200
391,okha,53.5739,142.9478,13.53,97,100,2.49,RU,1690415001
392,flin flon,54.7682,-101.865,10.91,93,100,4.12,CA,1690415201
393,cannonvale,-20.2833,148.7,21.66,65,90,8.6,AU,1690415017
394,kerikeri,-35.2268,173.9474,14.95,85,81,0.89,NZ,1690415201
395,simanggang,1.2472,111.4528,22.99,94,72,0.0,MY,1690415202
396,camabatela,-8.1881,15.375,16.09,77,10,0.95,AO,1690415203
397,chancay,-11.5714,-77.2672,19.0,82,32,3.19,PE,1690415203
398,san luis de la loma,17.2706,-100.8939,30.61,67,70,3.8,MX,1690415203
399,mili,6.0815,171.735,28.17,74,57,4.07,MH,1690415204
400,mar del plata,-38.0023,-57.5575,9.49,87,100,8.05,AR,1690415204
401,inari,68.906,27.0288,12.11,93,74,0.88,FI,1690415205
402,ixtapa,20.7,-105.2,30.68,70,100,2.06,MX,1690415205
403,tabou,4.423,-7.3528,24.54,90,72,3.43,CI,1690415205
404,mehekar,20.15,76.5667,23.08,93,100,6.74,IN,1690415206
405,veraval,20.9,70.3667,27.11,86,100,7.43,IN,1690415206
406,sterling,39.0062,-77.4286,31.06,66,20,4.12,US,1690415207
407,vanino,49.0869,140.2543,28.17,50,8,3.72,RU,1690415208
408,rio grande,-32.035,-52.0986,15.06,85,71,6.27,BR,1690415208
409,inhambane,-23.865,35.3833,18.9,65,43,2.15,MZ,1690415208
410,ierapetra,35.01,25.7353,28.41,52,0,0.45,GR,1690415209
411,caburan,5.9181,125.6411,27.77,75,97,3.06,PH,1690415209
412,portland,45.5234,-122.6762,30.35,34,40,4.12,US,1690414716
413,sandy,40.572,-111.8606,34.45,32,0,8.75,US,1690415210
414,turpan,42.9333,89.1667,36.62,11,1,0.39,CN,1690415210
415,mendi,-6.1761,143.6513,16.38,85,57,1.37,PG,1690415211
416,sarai,53.7458,41.0213,19.04,90,21,3.03,RU,1690415211
417,tual,-5.6667,132.75,25.98,84,92,9.76,ID,1690415212
418,san pedro pochutla,15.7333,-96.4667,32.84,75,24,2.61,MX,1690415212
419,ketchikan,55.3422,-131.6461,19.26,68,75,4.63,US,1690415213
420,tibu,8.639,-72.7358,26.78,74,59,0.62,CO,1690415213
421,general pico,-35.6566,-63.7568,7.79,61,51,2.1,AR,1690415214
422,bani walid,31.7566,13.9942,24.37,79,0,4.71,LY,1690415214
423,losal,27.4,74.9167,28.9,74,100,1.93,IN,1690415215
424,san bernardo del viento,9.3533,-75.9524,27.28,82,85,2.7,CO,1690415215
425,zboriv,49.6648,25.141,11.72,97,100,7.41,UA,1690415215
426,katsuura,35.1333,140.3,28.3,74,7,3.3,JP,1690415216
427,prado,-17.3411,-39.2208,22.09,75,27,2.23,BR,1690415154
428,faranah,10.0404,-10.7434,21.82,98,100,2.34,GN,1690415217
429,hassi messaoud,31.6804,6.0729,36.92,10,0,2.06,DZ,1690415218
430,frontera,26.9333,-101.45,37.86,33,40,4.12,MX,1690415218
431,bouarfa,32.53,-1.95,32.87,11,78,6.69,MA,1690415219
432,kayangel,8.0823,134.7173,26.38,85,100,9.76,PW,1690415219
433,kapa'a,22.0752,-159.319,31.18,72,20,6.17,US,1690415220
434,haiku-pauwela,20.9219,-156.3051,30.09,62,40,12.35,US,1690415220
435,cukai,4.25,103.4167,22.97,90,100,2.86,MY,1690415220
436,ouarzazat,30.9189,-6.8934,31.16,18,0,3.6,MA,1690415221
437,tahta,26.7693,31.5021,33.23,18,73,2.84,EG,1690415221
438,mansa,29.9833,75.3833,28.42,80,99,1.8,IN,1690415222
439,kalengwa,-13.4659,25.0027,14.24,51,2,3.14,ZM,1690415222
440,upata,8.0086,-62.3989,24.0,93,97,1.53,VE,1690415223
441,queenstown,-31.8976,26.8753,11.06,81,99,2.76,ZA,1690415223
442,kone,-21.0595,164.8658,23.23,40,2,3.57,NC,1690415224
443,new norfolk,-42.7826,147.0587,9.93,76,100,1.52,AU,1690415224
444,tsiombe,-25.3,45.4833,17.91,58,0,5.72,MG,1690415225
445,the pas,53.8251,-101.2541,12.01,94,100,4.63,CA,1690415225
446,callaway,30.153,-85.5699,32.03,68,20,3.6,US,1690415226
447,bamboo flat,11.7,92.7167,28.05,83,75,3.6,IN,1690415227
448,tamanrasset,22.785,5.5228,25.95,12,0,1.03,DZ,1690415228
449,rybinsk,58.0446,38.8426,16.69,97,74,3.91,RU,1690415228
450,menongue,-14.6585,17.691,12.57,42,5,1.86,AO,1690415229
451,esmeraldas,-19.7625,-44.3139,20.58,65,90,2.17,BR,1690415230
452,ustyuzhna,58.8394,36.4321,12.9,97,54,2.62,RU,1690415230
453,chos malal,-37.3781,-70.2709,6.7,42,100,0.98,AR,1690415230
454,walterboro,32.9052,-80.6668,30.01,74,0,1.54,US,1690415231
455,garoua boulai,5.8833,14.55,17.91,97,90,0.66,CM,1690415231
456,tvoroyri,61.5556,-6.8111,10.39,76,51,5.73,FO,1690415232
457,shingu,33.7333,135.9833,30.31,65,37,2.18,JP,1690415232
458,sioux city,42.5,-96.4003,36.77,37,0,3.6,US,1690415095
459,jutai,-5.1833,-68.9,25.75,66,49,0.85,BR,1690415233
460,hays,30.0502,-98.0336,38.11,35,40,1.79,US,1690414953
461,banda aceh,5.5577,95.3222,26.82,74,100,5.32,ID,1690415234
462,kalach-na-donu,48.691,43.5264,23.92,43,2,2.46,RU,1690415235
463,cockburn town,21.4612,-71.1419,28.63,84,97,9.44,TC,1690415235
464,macomb,40.4592,-90.6718,35.97,59,0,1.54,US,1690415082
465,jawf al maqbabah,13.8378,45.8349,27.12,60,55,1.2,YE,1690415236
466,papao,-17.75,-149.55,24.82,87,61,3.85,PF,1690415236
467,remire-montjoly,4.9167,-52.2667,25.02,100,75,1.03,GF,1690414980
468,luanda,-8.8368,13.2343,21.0,94,75,3.09,AO,1690415239
469,bikenibeu village,1.3673,173.1241,30.98,74,20,2.06,KI,1690415240
470,teramo,42.65,13.6833,20.33,78,13,1.76,IT,1690415240
471,smolyan,41.5853,24.6919,15.65,80,97,2.17,BG,1690415241
472,znamenskoye,57.1281,73.8282,16.25,81,65,1.42,RU,1690415242
473,lapai,9.05,6.5667,25.02,83,100,0.5,NG,1690415242
474,talodi,10.6325,30.3797,21.48,96,100,1.86,SD,1690415243
475,hallsberg,59.0657,15.1117,9.97,98,0,1.54,SE,1690415243
476,lokomotivnyy,53.0118,60.5684,16.89,67,9,2.24,RU,1690415244
477,lamu,-2.2717,40.902,23.12,82,72,6.14,KE,1690415245
478,ulsteinvik,62.3432,5.8487,14.62,92,91,1.79,NO,1690415245
479,sungailiat,-1.85,106.1333,27.04,82,84,6.0,ID,1690415246
480,kralendijk,12.15,-68.2667,28.99,79,20,9.26,BQ,1690415246
481,qamdo,31.1667,97.2333,2.63,82,26,2.68,CN,1690414969
482,vyetka,52.5591,31.1794,18.32,100,98,3.0,BY,1690415247
483,kamaishi,39.2667,141.8833,27.45,69,15,0.75,JP,1690415248
484,bei'an,24.5399,109.533,28.35,79,74,2.03,CN,1690415249
485,plunge,55.9114,21.8442,15.33,89,98,1.74,LT,1690415249
486,gaffney,35.0718,-81.6498,32.14,49,14,0.51,US,1690415250
487,al hufuf,25.3646,49.5653,31.19,42,0,0.0,SA,1690415250
488,char bhadrasan,23.3167,90.2167,27.04,89,98,4.39,BD,1690415251
489,port isabel,26.0734,-97.2086,34.04,59,0,8.75,US,1690415251
490,kingston,17.997,-76.7936,31.53,70,20,2.06,JM,1690415135
491,luchegorsk,46.4764,134.2569,26.18,71,54,3.35,RU,1690415252
492,san jose del cabo,23.0589,-109.6977,34.77,59,20,10.8,MX,1690415253
493,polyarnyy,69.1989,33.4478,10.08,97,100,1.27,RU,1690415254
494,san jose del guaviare,2.5729,-72.6459,26.22,77,92,1.06,CO,1690415254
495,burang,30.25,81.1667,10.08,87,100,1.66,CN,1690415254
496,beoumi,7.6736,-5.5764,22.86,96,11,2.03,CI,1690415255
497,querqueville,49.6625,-1.6912,16.82,94,100,9.26,FR,1690415255
498,trincomalee,8.5711,81.2335,27.08,77,95,8.7,LK,1690415256
499,acarau,-2.8856,-40.12,26.01,81,35,7.82,BR,1690415256
500,pailon,-17.65,-62.75,20.82,58,85,3.72,BO,1690415257
501,georgiyevka,43.0369,74.7114,24.02,41,0,1.0,KZ,1690415257
502,mana,5.6592,-53.7767,26.08,84,16,3.38,GF,1690415257
503,hadera,32.4365,34.9196,27.02,67,0,1.26,IL,1690415258
504,basco,20.4487,121.9702,28.15,83,100,15.91,PH,1690415258
505,nampula,-15.1165,39.2666,16.97,88,40,6.26,MZ,1690415259
506,pisco,-13.7,-76.2167,19.03,72,0,7.72,PE,1690415259
507,muisne,0.6,-80.0333,25.26,82,55,3.17,EC,1690415260
508,neftcala,39.3742,49.2472,24.49,72,0,2.11,AZ,1690415260
509,suez,29.9737,32.5263,28.3,56,0,4.73,EG,1690415260
510,ploermel,47.9317,-2.3978,16.9,81,90,6.35,FR,1690415261
511,reuleuet,5.2167,96.2833,26.01,71,92,1.75,ID,1690415261
512,verkhnevilyuysk,63.4453,120.3167,18.87,43,75,2.85,RU,1690415262
513,kristiansund,63.1115,7.732,15.03,94,100,2.06,NO,1690415262
514,colonia,50.9333,6.95,17.81,71,0,4.12,DE,1690415263
515,midland,31.9974,-102.0779,37.81,23,0,7.72,US,1690415206
516,puerto baquerizo moreno,-0.9,-89.6,24.25,79,73,5.47,EC,1690415263
517,bakori,11.5544,7.4243,23.15,83,96,4.17,NG,1690415264
518,todos santos,23.45,-110.2167,30.25,72,75,1.24,MX,1690415264
519,baykal'sk,51.5058,104.1469,15.88,76,9,0.52,RU,1690415265
520,hilton head island,32.2163,-80.7526,30.06,75,20,2.57,US,1690415265
521,pascagoula,30.3658,-88.5561,34.4,55,0,1.54,US,1690415266
522,stolpen,51.05,14.0833,13.71,81,41,2.81,DE,1690415266
523,long beach,33.767,-118.1892,39.32,53,0,7.2,US,1690415123
524,veshenskaya,49.6303,41.7334,22.04,49,0,2.43,RU,1690415267
525,yaren,-0.5472,166.916,28.84,75,94,4.66,NR,1690415268
526,kijang,35.2442,129.2139,25.85,71,19,1.21,KR,1690415268
527,krasnogorskoye,52.2953,86.1979,16.31,75,99,1.17,RU,1690415268
528,eastham,41.8301,-69.9739,25.56,72,2,2.24,US,1690415269
529,preobrazheniye,42.9019,133.9064,23.45,85,100,2.07,RU,1690415270
530,algona,43.07,-94.233,33.98,66,0,2.06,US,1690415270
531,vila franca do campo,37.7167,-25.4333,20.23,83,16,1.5,PT,1690415013
532,quellon,-43.1167,-73.6167,8.14,93,100,1.03,CL,1690415271
533,sinabang,2.4803,96.3801,26.48,82,97,1.09,ID,1690415271
534,bereznik,62.8551,42.7072,13.92,99,100,1.8,RU,1690415272
535,fort-shevchenko,44.5086,50.263,25.25,74,0,4.54,KZ,1690415272
536,batticaloa,7.7102,81.6924,27.1,70,99,1.58,LK,1690415273
537,sarangani,5.4033,125.4636,27.69,78,85,2.97,PH,1690415273
538,sarina,-21.4333,149.2167,21.82,59,73,6.5,AU,1690415274
539,tindouf,27.6711,-8.1474,28.25,24,0,9.26,DZ,1690415274
540,barra de santo antonio,-9.4047,-35.5072,24.6,92,10,0.64,BR,1690414999
541,bridgewater,44.3835,-64.5155,25.06,77,18,2.57,CA,1690415275
542,kill devil hills,36.0307,-75.676,30.55,70,0,6.17,US,1690415275
543,ankazobe,-18.3167,47.1167,9.85,88,28,3.55,MG,1690415276
544,puerto aysen,-45.4,-72.7,2.18,98,100,0.45,CL,1690415276
545,kuchaiburi,22.2667,86.1667,25.07,96,92,1.8,IN,1690415277
546,mumbwa,-14.9783,27.0619,14.91,64,0,3.69,ZM,1690415278
547,port blair,11.6667,92.75,28.02,83,75,3.6,IN,1690415278
548,padangsidempuan,1.3667,99.2667,22.12,96,84,0.49,ID,1690415278
549,huruta,8.15,39.35,15.94,76,66,3.74,ET,1690415279
550,mishkino,55.3389,63.9175,15.13,79,47,2.65,RU,1690415280
551,eatonton,33.3268,-83.3885,31.33,70,51,1.32,US,1690415234
552,marsh harbour,26.5412,-77.0636,27.56,76,99,3.28,BS,1690415281
553,lata,40.1629,-8.3327,17.82,95,21,1.4,PT,1690415281
554,xai-xai,-25.0519,33.6442,14.83,80,1,3.93,MZ,1690415282
555,broken hill,-31.95,141.4333,15.86,39,0,8.82,AU,1690415282
556,kathu,7.9178,98.3332,29.27,74,95,7.23,TH,1690415283
557,el granada,37.5027,-122.4694,31.62,79,100,9.26,US,1690415283
558,skelleftea,64.7507,20.9528,13.2,100,100,1.54,SE,1690415284
559,pacific grove,36.6177,-121.9166,25.36,84,40,4.63,US,1690414998
560,piedras blancas,-31.1862,-59.9596,8.6,55,32,2.66,AR,1690415285
561,port augusta,-32.5,137.7667,17.35,40,44,5.45,AU,1690415285
562,esfarayen,37.0765,57.5101,19.81,74,38,3.46,IR,1690415286
563,timmins,48.4669,-81.3331,21.9,78,100,2.06,CA,1690415269
564,cacu,-18.5567,-51.1308,24.98,34,67,2.27,BR,1690415288
565,oranjemund,-28.55,16.4333,11.8,73,0,2.56,NA,1690415288
566,terekli-mekteb,44.1671,45.8698,21.96,76,0,4.01,RU,1690415289
567,mossel bay,-34.1831,22.146,11.96,81,52,2.15,ZA,1690415289
